frame_number,predicted_label,ground_truth_label,template_matching_score
90,1,1,0.6246720552444458
91,1,1,0.7009716629981995
92,1,1,0.677003026008606
93,1,1,0.6038820147514343
94,1,1,0.6298340559005737
