frame_number,predicted_label,ground_truth_label,template_matching_score
90,2,,0.9256849884986877
91,2,,0.9179885387420654
92,2,,0.9135123491287231
93,2,,0.9117997884750366
94,2,,0.91143399477005
