frame_number,predicted_label,ground_truth_label,template_matching_score
90,2,,0.8398913741111755
91,2,,0.8060280084609985
92,2,,0.8094350099563599
93,2,,0.8108747601509094
94,5,,0.7975696325302124
